{"cameraMode":{"drawMode":0,"name":"Shaded","section":"Shading Mode"},"sceneLighting":true,"audioPlay":false,"sceneViewState":{"showFog":true,"showMaterialUpdate":true,"showSkybox":true,"showFlares":true,"showImageEffects":true,"showParticleSystems":true},"in2DMode":false,"pivot":{"x":162.2060089111328,"y":-164.6983642578125,"z":-2.678112030029297},"rotation":{"x":-0.2849605083465576,"y":-0.6152337789535523,"z":0.25419750809669497,"w":-0.6896873712539673},"size":253.42822265625,"orthographic":false}