{"cameraMode":{"drawMode":0,"name":"Shaded","section":"Shading Mode"},"sceneLighting":false,"audioPlay":false,"sceneViewState":{"showFog":true,"showMaterialUpdate":true,"showSkybox":true,"showFlares":true,"showImageEffects":true,"showParticleSystems":true},"in2DMode":false,"pivot":{"x":-0.5035738348960877,"y":0.006084874272346497,"z":-0.2970304489135742},"rotation":{"x":0.22408349812030793,"y":-0.22648142278194428,"z":0.05362669751048088,"w":0.9463702440261841},"size":0.4621275067329407,"orthographic":false}